Yvirskrift;Inngangstekstur;WrittenBy;Dagfesting;ImageUrl;Tekstur
55 umsóknir til læraraútbúgvingina;"Samanborið við undanfarin ár eru fáar umsóknir til læraraútbúgvingina; tað er bara í 2019 og í 2023, at tað hava verið færri umsóknir enn í ár; tey bæði árini vóru tað 52 umsóknir.";;2025-07-11 12:45:00;/Files/Images/Skulabladid/Talvur og stabbar/umsóknirtillæraraútbúgvingina25.png;"<p>Ta&eth; er ikki ein gongd, i&eth; okkum d&aacute;mar, at tali&eth; &aacute; ums&oacute;knum til l&aelig;rara&uacute;tb&uacute;gvingina er s&oslash;guliga l&aacute;gt. Ta&eth; eru 55 ums&oacute;knir til l&aelig;rara&uacute;tb&uacute;gvingina &iacute; &aacute;r. &Iacute; mi&eth;al hava 73 s&oslash;kt til l&aelig;rara, s&iacute;&eth;an &uacute;tb&uacute;gvingin var&eth; skipa&eth; sum bachelorlestur &aacute; N&aacute;msv&iacute;sindadeildini &iacute; 2008, so &iacute; &aacute;r eru ta&eth; 18 f&aelig;rri enn eitt mi&eth;al &aacute;r.</p>    <p>Tali&eth; &aacute; ums&oacute;knum var s&oslash;guliga l&aacute;gt &iacute; 2019 og aftur &iacute; 2023, t&aacute; ta&eth; bara v&oacute;ru 52 ums&oacute;knir. S&iacute;&eth;an vaks tali&eth; til 84 &iacute; 2020, men gongdin fr&aacute; 2020 til 2023 var t&iacute;verri, at tali&eth; &aacute; ums&oacute;knum l&aelig;kka&eth;i vi&eth; umlei&eth; 10 &aacute;r eftir &aacute;r, til 52 aftur &iacute; 2023. Vit fegna&eth;ust &iacute; fj&oslash;r um, at ta&eth; aftur v&oacute;ru fleiri, sum s&oslash;ktu til l&aelig;rara, t&iacute; hava vit b&iacute;&eth;a&eth; spent eftir talinum &aacute; ums&oacute;knum &iacute; &aacute;r.</p>    <p>T&aacute; vit varna&eth;ust l&aacute;ga tali&eth; &aacute; ums&oacute;knum &aacute; 52 &iacute; 2019, v&oacute;ru vit st&uacute;rin, men longu &iacute; 2020 v&oacute;ru aftur fleiri ums&oslash;kjarar. Gongdin, at tali&eth; &aacute; ums&oacute;knum bleiv minni &aacute;r eftir &aacute;r fr&aacute; 2020 til 2023, &oacute;r&oacute;gva&eth;i; t&iacute; vildu vi&eth;komandi partar hyggja at, hvat vit kunnu gera til komandi &aacute;r, so vit aftur fingu fleiri ums&oacute;knir. N&uacute; vit aftur hava f&aacute;ar ums&oacute;knir, eiga allir partar at arbei&eth;a fyri, at fleiri s&oslash;kja &aacute; l&aelig;rara&uacute;tb&uacute;gvingina, t&iacute; ta&eth; hevur v&iacute;st seg, at tey &aacute;rini, t&aacute; ta&eth; eru n&oacute;gvar ums&oacute;knir, so eru ta&eth; fleiri av teimum, i&eth; ver&eth;a tikin upptikin, i&eth; gj&oslash;gnumf&oslash;ra l&aelig;rara&uacute;tb&uacute;gvingina og koma &iacute; starv sum l&aelig;rarar.</p>    <p>&Iacute; mi&eth;al hava ta&eth; veri&eth; 73,4 ums&oacute;knir til l&aelig;rara&uacute;tb&uacute;gvingina &aacute;rini fr&aacute; 2008 til 2025, og ta&eth; &aacute;ri&eth;, ta&eth; v&oacute;ru flestar ums&oacute;knir, var &iacute; 2016, t&aacute; ta&eth; v&oacute;ru 91 ums&oacute;knir. Tali&eth; av ums&oacute;knum er javnt l&aelig;kka&eth; s&iacute;&eth;an 2008. Fyrstu 10 &aacute;rini, fr&aacute; 2008 til 2017, v&oacute;ru ta&eth; &iacute; mi&eth;al 79 ums&oacute;knir, me&eth;an seinastu 10 &aacute;rini hava ta&eth; veri&eth; 69 ums&oacute;knir, og seinastu fimm &aacute;rini hava ta&eth; &iacute; mi&eth;al veri&eth; 64 ums&oacute;knir.</p>    <p>Tali&eth; &aacute; teimum, sum f&aacute;a mi&eth;n&aacute;mssk&uacute;lapr&oacute;gv, er minka&eth; seinastu &aacute;rini. Av hesum eru ta&eth; f&aelig;rri ung, sum kunnu fara undir v&iacute;&eth;ari lestur. L&aelig;rara&uacute;tb&uacute;gvingin er &iacute; kapping um tey lesandi, og seinnu &aacute;rini eru fleiri n&yacute;ggjar &uacute;tb&uacute;gvingar &aacute; Setrinum, sum f&aacute;a n&oacute;gva umr&oslash;&eth;u, l&aelig;rupl&aacute;ssini tr&oacute;ta ikki, og arbei&eth;i&eth; er til allar hendur. Hesi vi&eth;urskifti &aacute;virka eisini, hvussu n&oacute;gvar ums&oacute;knir eru til l&aelig;rara&uacute;tb&uacute;gvingina.</p>    <p> </p>"
36 nýklaktir lærarar;12 menn og 24 kvinnur fingu læraraprógv á Námsvísindadeildini síðst í juni.;;2025-07-01 04:56:00;/Files/Images/Skulabladid/Talvur og stabbar/Útbúgvin sum lærarar á Námsvísindadeildini.png;"<p>S&iacute;&eth;an l&aelig;rara&uacute;tb&uacute;gvingin var&eth; skipa&eth; sum B.Ed. &aacute; N&aacute;msv&iacute;sindadeildini &iacute; 2012, hava 438 loki&eth; pr&oacute;gv sum f&oacute;lkask&uacute;lal&aelig;rari, 133 menn og 305 kvinnur. Ta&eth; svarar til 30 % menn og 70 % kvinnur, og b&yacute;ti&eth; av monnum og kvinnum samsvarar vi&eth; b&yacute;ti&eth; &iacute; f&oacute;lkask&uacute;lanum, har ein uppteljing &iacute; 2023 v&iacute;sti, at av l&aelig;rarunum &iacute; f&oacute;lkask&uacute;lanum v&oacute;ru 28 % menn og 72 % kvinnur.</p>    <p>Aftrat teimum, sum ver&eth;a &uacute;tb&uacute;gvin sum l&aelig;rari &aacute; N&aacute;msv&iacute;sindadeildini, ver&eth;a n&oslash;kur eisini &uacute;tb&uacute;gvin sum l&aelig;rari &iacute; Danmark, umlei&eth; fimm &aacute; hv&oslash;rjum &aacute;ri.</p>    <p>&Iacute; F&oslash;royum eru vit &iacute; t&iacute; g&oacute;&eth;u st&oslash;&eth;u, at vit &uacute;tb&uacute;gva n&oacute;g n&oacute;gvar l&aelig;rarar til f&oacute;lkask&uacute;lan. Saman vi&eth; Finnlandi eru F&oslash;royar einasta Nor&eth;urlandi&eth;, sum hevur n&oacute;g n&oacute;gvar &uacute;tb&uacute;nar l&aelig;rarar. Felags fyri hini Nor&eth;urlondini er, at tey &uacute;tb&uacute;gva ov f&aacute;ar l&aelig;rarar til f&oacute;lkask&uacute;lan, og tey hava eisini ilt vi&eth; at f&aacute;a n&oacute;g n&oacute;gvar ums&oacute;knir til l&aelig;rara&uacute;tb&uacute;gvingina.</p>"
73 umsóknir til læraraútbúgvingina;"Samanborið við í fjør og árið fyri er talan um eina hækking; talið var 52 í 2023 og 64 í 2022.";;2024-07-07 19:22:00;/Files/Images/Skulabladid/Talvur og stabbar/læraraútbúgvingumsóknjuli24.jpg;"<p>Ta&eth; er at fegnast um, at tali&eth; av ums&oacute;knum aftur er vaksi&eth;. Ta&eth; eru 73 ums&oacute;knir til l&aelig;rara&uacute;tb&uacute;gvingina &iacute; &aacute;r, og ta&eth; svarar til eitt mi&eth;al &aacute;r av ums&oacute;knum, s&iacute;&eth;an &uacute;tb&uacute;gvingin var&eth; skipa&eth; sum bachelorlestur &aacute; N&aacute;msv&iacute;sindadeildini &iacute; 2008.</p>    <p>Tali&eth; av ums&oacute;knum hevur veri&eth; dalandi seinastu tr&yacute; &aacute;rini, t&iacute; er gott at s&iacute;ggja, at ta&eth; aftur eru fleiri, sum hava s&oslash;kt til l&aelig;rara. Vit varna&eth;ust l&aacute;ga tali&eth; &aacute; ums&oacute;knum &iacute; 2019, t&aacute; bara 52 ums&oacute;knir v&oacute;ru, men &iacute; 2020 v&oacute;ru fleiri ums&oslash;kjarar. Gongdin fr&aacute; 2020 til 2023 var t&oacute; tann, at tali&eth; av ums&oacute;knum l&aelig;kka&eth;i &aacute;r fyri &aacute;r, t&iacute; hava vit b&iacute;&eth;a&eth; spent eftir talinum &aacute; ums&oacute;knar &iacute; &aacute;r. Gongdin, at tali&eth; av ums&oacute;knum bleiv minni &aacute;r fyri &aacute;r fr&aacute; 2020 til 2022, var ikki haldbar, t&iacute; mugu vi&eth;komandi partar hyggja at, hvat vit kunnu gera til komandi &aacute;r, so vit ikki koma &iacute; somu st&oslash;&eth;u aftur.</p>    <p>Vit hava ikki fleiri ung &iacute; F&oslash;royum, sum vilja &uacute;tb&uacute;gva seg, enn ta&eth; sama. N&uacute; tali&eth; &aacute; &uacute;tb&uacute;gvingum &aacute; Setrinum er vaksi&eth;, og tveir flokkar vera tiknar inn til nakrar &uacute;tb&uacute;gvingar, samstundis sum ta&eth; er h&aacute;konjunkturur &iacute; samfelagnum, og l&aelig;rupl&aacute;ssini tr&oacute;ta ikki, so er st&oslash;rri tr&yacute;st &aacute; at f&aacute;a nokk av ums&oacute;knum til si&eth;bundnu &uacute;tb&uacute;gvingarnar.</p>    <p>&Iacute; mi&eth;al hava ta&eth; veri&eth; knapt 75 ums&oacute;knir til l&aelig;rara&uacute;tb&uacute;gvingina &aacute;rini fr&aacute; 2008 til 2024, og ta&eth; &aacute;ri&eth;, ta&eth; v&oacute;ru flestar ums&oacute;knir, var &iacute; 2016, t&aacute; v&oacute;ru 91 ums&oacute;knir.</p>    <p><strong>Ums&oacute;knir til l&aelig;rara&uacute;tb&uacute;gvingina &iacute; mi&eth;al: 74,5</strong></p>    <p><strong>&Aacute;r                            Ums&oacute;knir</strong></p>    <p>2024                       73</p>    <p>2023                       52</p>    <p>2022                       64</p>    <p>2021                       75</p>    <p>2020                       84</p>    <p>2019                       52</p>    <p>2018                       73</p>    <p>2017                       68</p>    <p>2016                       91</p>    <p>2015                       86</p>    <p>2014                       68</p>    <p>2013                       83</p>    <p>2012                       87</p>    <p>2011                       81</p>    <p>2010                       83</p>    <p>2009                       71</p>    <p>2008                       76</p>    <p> </p>    <p> </p>    <p> </p>"
224 næmingar við útlendskum uppruna;Talið av næmingum, ið hava annan ríkisborgaraskap, er vaksið munandi seinnu árini. Serliga er talið av næmingum, ið hava sín uppruna uttan fyri Norðurlond og uttan fyri Evropa, vaksið.;;2024-06-10 13:52:00;/Files/Images/Skulabladid/Talvur og stabbar/Útlendskan ríkisborgaraskap.jpg.png;"<p>Ta&eth; eru 113 n&aelig;mingar, i&eth; hava s&iacute;n uppruna uttan fyri Evropa. Fyri 15 &aacute;rum s&iacute;&eth;an v&oacute;ru hesi 21 &iacute; tali og fyri 10 &aacute;rum s&iacute;&eth;an 45. Flestu n&aelig;mingarnir koma &uacute;r Asia (74), s&iacute;&eth;an Afrika (28) og Amerika (10).</p>    <p>Tali&eth; av n&aelig;mingum, i&eth; koma &uacute;r Evropa uttan fyri Nor&eth;urlond, er vaksi&eth; st&oslash;&eth;ugt &iacute; hesi &oslash;ldini. &Iacute; 1999 v&oacute;ru hesi 9, &iacute; 2009 27 n&aelig;mingar, og n&uacute; eru ta&eth; 87 n&aelig;mingar, i&eth; koma &uacute;r Evropa uttan fyri Nor&eth;urlond.</p>    <p>Tali&eth; av n&aelig;mingum, i&eth; koma &uacute;r londum uttan fyri Evropa, er fimmfalda&eth; s&iacute;&eth;an 2009. Um aldarskifti&eth; v&oacute;ru ta&eth; bara einstakir n&aelig;mingar, i&eth; h&oslash;vdu s&iacute;n uppruna uttan fyri Evropa. &Iacute; 2009 v&oacute;ru hesi 21, &iacute; 2014 45, og &iacute; mai 2024 v&oacute;ru 113 b&oslash;rn &iacute; sk&uacute;laaldri, i&eth; h&oslash;vdu s&iacute;n uppruna uttan fyri Evropa.</p>    <p>B&oslash;rnini, i&eth; eru flutt til landi&eth;, hava t&oslash;rv &aacute; undirv&iacute;sing &iacute; f&oslash;royskum sum anna&eth;m&aacute;l. T&oslash;l fr&aacute; sendingini Breddanum &iacute; Kringvarpinum v&iacute;stu, at ta&eth; v&oacute;ru umlei&eth; 220 n&aelig;mingar &iacute; f&oacute;lkask&uacute;lanum, i&eth; ikki hava f&oslash;royskt sum m&oacute;&eth;urm&aacute;l; av teimum eru ta&eth; 120 n&aelig;mingar, i&eth; als ikki skilja f&oslash;royskt.</p>    <p><em>&Iacute; n&yacute;ggjasta Sk&uacute;labla&eth;num, sum kom &iacute; farnu viku, ber til at lesa um evni&eth;: undirv&iacute;sing &iacute; f&oslash;royskum sum anna&eth;m&aacute;l - og anna&eth; &iacute; hesum sambandi.</em></p>"
432 næmingar í 10. flokki í 13 skúlum;"Flestu næmingarnir ganga í NámX í Havn; har eru 238 næmingar, sum er met.";;2024-04-15 09:09:00;/Files/Images/Skulabladid/Talvur og stabbar/10.flokkurapríl24_small.png;"<p>Hetta sk&uacute;la&aacute;ri&eth; eru ta&eth; 432 n&aelig;mingar &iacute; 10. flokki. Ta&eth; eru 58 % av n&aelig;mingunum, sum gingu &iacute; 9. flokki farna sk&uacute;la&aacute;r. Hesir n&aelig;mingar ganga &iacute; 13 sk&uacute;lum, skipa&eth; &iacute; &aacute;tta 10. floks tilbo&eth;. Flestu n&aelig;mingarnir ganga &iacute; N&aacute;mX &iacute; Havn; har eru 238 n&aelig;mingar, og n&aelig;stflestir eru &iacute; &aacute;vikavist e-N&aacute;m, har ta&eth; eru 58 n&aelig;mingar, og samstarvinum millum Runav&iacute;kar og Tofta sk&uacute;la, har ta&eth; eru 55 n&aelig;mingar.</p>    <p>Ta&eth; &aacute;ri&eth;, t&aacute; flest n&aelig;mingar v&oacute;ru innskriva&eth;ir &iacute; 10. flokk, var sk&uacute;la&aacute;ri&eth; 2016/17, t&aacute; v&oacute;ru 512 n&aelig;mingar &iacute; 10. flokki. T&aacute; st&oslash;rsti parturin av &aacute;rganginum valdi at fara &iacute; 10. flokk, var sk&uacute;la&aacute;ri&eth; 2015/16, t&aacute; 69,9 % av n&aelig;mingunum v&oacute;ru &iacute; 10. flokki.</p>    <p>&Iacute; T&oacute;rshavn og Klaksv&iacute;k eru allir n&aelig;mingar &iacute; einum, har eru &aacute;vikavist 238 og 38 n&aelig;mingar. 10. floks tilbo&eth;ini eru skipa&eth; f&yacute;ra samst&oslash;rv: &epsilon;N&aacute;m (sum eru sk&uacute;larnir &iacute; Fuglafir&eth;i, &aacute; Strondum og vi&eth; Streymin), Runav&iacute;kar sk&uacute;li / Tofta sk&uacute;li, V&aacute;gs sk&uacute;li / Tv&oslash;royrar sk&uacute;li og Sk&uacute;lin &aacute; Giljanesi / S&oslash;rv&aacute;gs sk&uacute;li. &Iacute; hesum samst&oslash;rvunum eru ta&eth; &aacute;vikavist 58, 55, 22 og 12 n&aelig;mingar. Seinastu 15 &aacute;rini hava ta&eth; veri&eth; &iacute; mi&eth;al 452 n&aelig;mingar &iacute; 10. flokki, hetta er &iacute; mi&eth;al 62 % av &aacute;rganginum.</p>    <p> </p>    <p> </p>"
Talið á fólkaskúlum er minkað munandi, og skúlarnir eru vorðnir størri.;Talið á fólkaskúlum er minkað frá 61 skúlum í 2008 til 39 skúlar í 2023. Um somu tíð er talið av smáum bygdaskúlum, við færri enn 24 næmingum, farið frá 21 skúlum í 2008 til 8 skúlar í 2023.;;2024-01-12 05:34:00;/Files/Images/Skulabladid/Talvur og stabbar/Fólkaskúlar bólkaðir eftir næmingatali.png;"<p>Nakrar broytingar eru, t&iacute; at kommunur hava lagt saman, ella t&iacute; at ein kommuna hevur lagt sk&uacute;lar &iacute; kommununi saman. D&oslash;mi um hetta er sk&uacute;lin &iacute; Eysturkommunu, sum var lagdur saman vi&eth; kommunusamanleggingini &iacute; 2023, og &aacute; Sk&uacute;latr&oslash;&eth; og Sk&uacute;lin &aacute; Fl&oslash;tum, har Klaksv&iacute;kar kommuna og T&oacute;rshavnar kommuna valdu at leggja tveir r&aelig;ttiliga st&oacute;rar sk&uacute;lar saman &iacute; ein st&oacute;ran sk&uacute;la.</p>    <p>Ta&eth; er serliga millum teir sm&aelig;rru sk&uacute;larnar, sk&uacute;lar vi&eth; f&aelig;rri enn 50 n&aelig;mingum, at tali&eth; av sk&uacute;lum er minka&eth;. Ta&eth; eru 13 sk&uacute;lar f&aelig;rri &iacute; b&oacute;lkinum 1-14 n&aelig;mingar og 5 sk&uacute;lar f&aelig;rri &iacute; b&oacute;lkinum 25-49 n&aelig;mingar, ella til samans eru ta&eth; 18 sk&uacute;lar f&aelig;rri &iacute; hesum b&aacute;&eth;um b&oacute;lkunum. Hetta kemst serliga av, at barnatali&eth; &iacute; sm&aelig;rru bygdunum er minka&eth; so n&oacute;gv. &Iacute; n&oslash;krum bygdum eru eingin b&oslash;rn, og t&iacute; er eingin sk&uacute;li longur, ella eru ta&eth; so f&aacute; b&oslash;rn, at b&oslash;rnini &iacute; sta&eth;in ganga &iacute; sk&uacute;la &iacute; eini grannabygd.</p>    <p>Ta&eth; eru f&aelig;rri sk&uacute;lar &iacute; b&oacute;lkinum 400-599 n&aelig;mingar &iacute; dag samanbori&eth; vi&eth; sk&uacute;la&aacute;ri&eth; 2007/08. Hetta kemst mest av, at Venjingarsk&uacute;lin og Kommunusk&uacute;lin v&oacute;ru lagdir saman til Sk&uacute;lan &aacute; Fl&oslash;tum, og Sk&uacute;lin vi&eth; &Oacute;s&aacute;nna og sk&uacute;lin &aacute; Ziskatr&oslash;&eth; v&oacute;ru lagdir saman til &aacute; Sk&uacute;latr&oslash;&eth;.</p>    <p><a href='/Admin/Public/DWSDownload.aspx?File=%2fFiles%2fFiles%2fF%c3%b3lkask%c3%balar+b%c3%b3lka%c3%b0ir+eftir+n%c3%a6mingatali.png'>Rimamynd &iacute; h&aelig;gri upploysn.</a></p>    <p><a href='/Admin/Public/DWSDownload.aspx?File=%2fFiles%2fFiles%2fTalva+_+F%c3%b3lkask%c3%balar+b%c3%b3lka%c3%b0ir+eftir+n%c3%a6mingatali.png'>Talva vi&eth; d&aacute;tum.</a></p>"
Fólkaskúlar í Føroyum – úr tveimum næmingum upp í 776;Skúlaárið 2023/24 eru 39 fólkaskúlar í Føroyum við í alt 7020 næmingum. Helvtin av skúlunum hava færri enn 100 næmingar, og gott helvtin av øllum næmingunum ganga í sjey teimum størstu skúlunum.;;2024-01-10 10:47:00;/Files/Images/Skulabladid/Talvur og stabbar/folkaskularskulaarið24.jpg;"<p>&Iacute; tveimum teimum st&oslash;rstu sk&uacute;lunum ganga 1500 n&aelig;mingar, ella fimti hv&oslash;r n&aelig;mingur. Hetta eru l&iacute;ka so n&oacute;gvir n&aelig;mingar, sum ta&eth; ganga &iacute; 26 av sm&aelig;rru sk&uacute;lunum tilsamans.</p>    <p>Sk&uacute;larnir eru b&yacute;ttir um alt landi&eth;: 5 eru &iacute; Nor&eth;oyggjum, 9 &iacute; Eysturoynni, 5 &iacute; Nor&eth;urstreymoy, 9 &iacute; Su&eth;urstreymoy, 2 &iacute; V&aacute;goynni, 4 &iacute; Sandoynni og 5 &iacute; Su&eth;uroynni.</p>    <p>Tali&eth; av f&oacute;lkask&uacute;lum er minka&eth; st&oslash;&eth;ugt seinnu &aacute;rini. Seinastu 10 &aacute;rini er tali&eth; av f&oacute;lkask&uacute;lum minka&eth; vi&eth; 8, &uacute;r 47 sk&uacute;lum &iacute; 2013 til 39 sk&uacute;lar sk&uacute;la&aacute;ri&eth; 2023/24.</p>    <p>Tveir sk&uacute;lar er einsamallir &aacute; oynni, ta&eth; eru N&oacute;lsoyar sk&uacute;li og H&uacute;sar/Sy&eth;radals sk&uacute;li. Ta&eth; hevur eisini veri&eth; sk&uacute;li &iacute; Fugloy, men sk&uacute;la&aacute;ri&eth; 2023/24 eru eingi b&oslash;rn &iacute; sk&uacute;laaldri &aacute; oynni.</p>    <p><a href='/Admin/Public/DWSDownload.aspx?File=%2fFiles%2fFiles%2fF%c3%b3lkask%c3%balar+%c3%ad+F%c3%b8royum+sk%c3%bala%c3%a1ri%c3%b0+2023_24.png'>Rimamynd &iacute; h&aelig;gri upploysn.</a></p>    <p><a href='/Admin/Public/DWSDownload.aspx?File=%2fFiles%2fFiles%2fTalva_F%c3%b3lkask%c3%balar+%c3%ad+F%c3%b8royum+2023_24.png'>Talva - sk&uacute;lar og n&aelig;mingatal.</a></p>    <p><a href='/Admin/Public/DWSDownload.aspx?File=%2fFiles%2fFiles%2fTalva_Sk%c3%balar+b%c3%bdttir+%c3%a1+%c3%b8ki.png'>Talva - sk&uacute;lar b&yacute;ttir &aacute; &oslash;ki.</a></p>    <p> </p>"
Fólkaskúlar og næmingatal í miðal pr. skúla;Seinastu 25 árini er talið av fólkaskúlum minkað við eini helvt, og miðal næmingatalið er vaksið við einum triðingi.;;2024-01-05 14:42:00;/Files/Images/Skulabladid/Tindi/skúlar_næmingar_jan24.jpg.png;"<p>Sk&uacute;la&aacute;ri&eth; 2023/24 er samla&eth;a tali&eth; &aacute; n&aelig;mingum &iacute; f&oacute;lkask&uacute;lanum 7020, og teir ganga &iacute; 39 f&oacute;lkask&uacute;lum kring landi&eth;. Harafturat eru 167 n&aelig;mingar, sum ganga &iacute; teimum trimum fr&iacute;sk&uacute;lunum. N&aelig;mingatali&eth; &iacute; f&oacute;lkask&uacute;lunum er fr&aacute; tveimum n&aelig;mingum &iacute; H&uacute;sar/Sy&eth;radals sk&uacute;la &iacute; minsta sk&uacute;lanum, til 776 n&aelig;mingar &iacute; st&oslash;rsta sk&uacute;lanum, i&eth; er Sk&uacute;lin &aacute; Fl&oslash;tum.</p>    <p>F&oacute;lkask&uacute;lalandslagi&eth; er broytt, so ta&eth; n&uacute; eru f&aelig;rri f&oacute;lkask&uacute;lar, tali&eth; av l&iacute;tlu bygdask&uacute;lunum er minka&eth;, og ta&eth; eru tveir sk&uacute;lar, i&eth; eru naka&eth; st&oslash;rri enn a&eth;rir.</p>    <p>Ein ors&oslash;k er minkingin &iacute; barnatalinum &iacute; &uacute;tja&eth;aranum, solei&eth;is at ta&eth; ikki eru b&oslash;rn &iacute; sk&uacute;laaldri eftir &iacute; bygdini, ella at kommunan ella foreldrini hava valt at skriva b&oslash;rnini inn &iacute; ein st&oslash;rri sk&uacute;la. Seinastu 10 &aacute;rini eru sk&uacute;lar vi&eth; 50 n&aelig;mingum og f&aelig;rri f&aelig;kka&eth;ir, &iacute; 2008 v&oacute;ru ta&eth; 33 sk&uacute;lar vi&eth; f&aelig;rri enn 50 n&aelig;mingum, me&eth;an hesir sk&uacute;lar &iacute; dag eru 15 &iacute; tali.</p>    <p>Ein annar partur &iacute; minkingini &iacute; talinum av f&oacute;lkask&uacute;lum eru samanlegging av sk&uacute;lum. &Iacute; sambandi vi&eth; samanleggingina til Eysturkommunu v&oacute;ru sk&uacute;larnir &iacute; G&oslash;tu og Leirv&iacute;k &iacute; 2013 lagdir saman &iacute; Sk&uacute;lan &iacute; Eysturkommunu, og &iacute; 2015 v&oacute;ru sk&uacute;larnir &iacute; Klaksv&iacute;k lagdir saman &iacute; sk&uacute;lan &Aacute; Sk&uacute;latr&oslash;&eth;, og Kommunusk&uacute;lin og Venjingarsk&uacute;lin &iacute; Havn samanlagdir &iacute; Sk&uacute;lan &aacute; Fl&oslash;tum.</p>    <p><a href='/Files/Images/Fólkaskúlar og næmingatal í miðal pr skúla.png'>Stabbamyndin &iacute; h&aelig;gri upploysn</a></p>    <p><a href='/Files/Images/Talva_Fólkaskúlar og næmingatal í miðal pr skúla.png'>Talva vi&eth; d&aacute;tum</a></p>    <p> </p>    <p> </p>"
Tølini frá nýggjastu trivnaðarkanningini eru greið;Happing og trivnaður hjá børnum og ungum er kannað í skúlanum í fýra fylgjandi kanningum. Kanningarnar í 2007 og 2015 kannaðu happing burturav, meðan kanningarnar í 2019 og 2023 kannaðu bæði trivnað og happing.;;2023-10-04 14:59:00;/Files/Images/Happingarkanning 2007 til 2023.png;"<p>Parturin av b&oslash;rnunum, i&eth; eru happa&eth; vi&eth;hv&oslash;rt og ofta, minka&eth;i fr&aacute; 2007 til 2019, men hetta tal er munandi vaksi&eth; fr&aacute; 2019 til 2023, og &iacute; 2023 er parturin &aacute; n&aelig;mingum 17 %, i&eth; svarar til, at tey eru happa&eth; vi&eth;hv&oslash;rt og ofta; hetta er h&aelig;gri enn &iacute; n&oslash;krum av undanfarnu kanningunum. &Iacute; 2007 var ta&eth; 13 %, &iacute; 2015 11 % og &iacute; 2019 9 %.</p>    <p>Ta&eth; er st&oacute;rur v&oslash;kstur fr&aacute; kanningini &iacute; 2019 til n&yacute;ggjastu kanningina &iacute; 2023. &Iacute; 2023 svara&eth;u 17 % av b&oslash;rnunum, at tey ver&eth;a happa&eth; vi&eth;hv&oslash;rt ella ofta, me&eth;an ta&eth; v&oacute;ru 11 % &iacute; 2019. Hetta er ein v&oslash;kstur &aacute; 55 %, og ta&eth; vekir undran. Hvussu kann ta&eth; bera til, at v&oslash;ksturin hevur veri&eth; so st&oacute;rur. Umst&oslash;&eth;urnar &iacute; sk&uacute;lanum eru ikki broyttar so n&oacute;gv, so ta&eth; m&aacute; hugsast, at ta&eth; eisini er okkurt &iacute; samt&iacute;&eth;ini sum &aacute;virkar. T&aacute; i&eth; talan er um flokkarnar hv&oslash;r s&aelig;r, er v&oslash;ksturin 60 % &iacute; 5. flokki, 50 % &iacute; 7. flokki og 29 % &iacute; 9. flokki.</p>    <p>Ta&eth; er st&oacute;rur munur &aacute; aldursb&oacute;lkunum, t&aacute; vit hyggja at, hvussu n&oacute;gv svara, at tey eru happa&eth;. &Iacute; 5. flokki 24 %, &iacute; 7. flokki 18 % og &iacute; 9. flokki 9 %. &Iacute; 5. flokki er parturin sostatt n&aelig;stan tr&iacute;ggjar fer&eth;ir sost&oacute;rur, sum svara, at tey eru happa&eth;, enn ta&eth; er &iacute; 9. flokki. &Iacute; 7. flokki er parturin tv&iacute;falt so st&oacute;rur sum &iacute; 9. flokki.</p>    <p>&Uacute;t fr&aacute; &uacute;rslitunum eru ta&eth; serliga t&oslash;lini fyri 5. og 7. flokk, sum &oacute;r&oacute;gva mest. Her er v&oslash;ksturin st&oslash;rstur, 60 % og 50 %, og parturin av b&oslash;rnunum, sum svara, at tey eru happa&eth;, er h&aelig;gri enn &iacute; nakrari av undanfarnu kanningunum. &Iacute; 9. flokki er broytingin ikki l&iacute;ka st&oacute;r, har er parturin 9 %, sum er ta&eth; sama sum &iacute; 2015 og minni enn &iacute; 2007.</p>    <p>T&oslash;lini bera s&iacute;n grei&eth;a bo&eth;skap, at ta&eth; er ein alt ov st&oacute;rur partur av b&oslash;rnum, sum ikki hava ta&eth; gott, og hesi mugu takast &iacute; &aacute;lvara. Vit mugu f&aacute;a n&aelig;rri vitan um, hvat r&oslash;rir seg millum b&oslash;rn og ung &iacute; dag, b&aelig;&eth;i &iacute; sk&uacute;lanum og &iacute; l&iacute;vinum hj&aacute; b&oslash;rnunum uttan fyri sk&uacute;lan, ta&eth; veri seg heima og &iacute; fr&iacute;t&iacute;&eth;ini. Vit, sk&uacute;li, foreldur og samfelagi&eth;, mugu taka hesa &aacute;varing &iacute; &aacute;lvara og handla, t&iacute; vit kunnu ikki bara lata standa til, t&aacute; vit f&aacute;a eitt t&iacute;l&iacute;kt varsk&oacute; fr&aacute; okkara b&oslash;rnum og ungu.</p>    <p><a href='/Files/Images/Skulabladid/Tindi/Happingarkanning 2007 til 2023.png'>Grafur &iacute; h&aelig;gri upploysn.</a></p>    <p><a href='/Files/Images/Skulabladid/Tindi/Happingarkanning 2007 til 2023 talva við dátum.png'>Talva vi&eth; d&aacute;tum.</a></p>"
Talið á serflokkum vaksið úr einum til 12 flokkar;Hetta skúlaárið eru 12 serflokkar við 233 næmingum kring alt landið.;;2023-08-23 06:26:00;/Files/Images/Næmingatalið í serflokkum aug 2023.png;"<p>Ta&eth; var leingi bert tann eini serflokkurin, sum var skipa&eth;ur &iacute; Gulask&uacute;la undir lei&eth;slu av Sern&aacute;m og Venjingarsk&uacute;lanum, men sk&uacute;la&aacute;ri&eth; 2016/17 v&oacute;ru ta&eth; 9 serflokkar, og s&iacute;&eth;an kunnger&eth;in &ldquo;um at skipa serligan sk&uacute;la ella undirv&iacute;singartilbo&eth;&rdquo; kom &iacute; 2019, er tr&iacute;ggir serflokkar komnir afturat, so ta&eth; hetta sk&uacute;la&aacute;ri&eth;, 2023/24, eru 12 serflokkar. N&yacute;ggjasti serflokkurin er Lj&oacute;s&aacute;stova, sum er skipa&eth; &iacute; Sk&uacute;lanum &aacute; Argjahamri.</p>    <p>T&aelig;r flestu tilbo&eth;ini vi&eth; serflokkum hava um 10-15 n&aelig;mingar. St&oslash;rstu eindirnar vi&eth; serflokkum eru Gulisk&uacute;li vi&eth; 60 n&aelig;mingum og sersk&uacute;lin &aacute; Sk&uacute;latr&oslash;&eth; vi&eth; 54 n&aelig;mingum. Hesi tilbo&eth; hava vaksi&eth; seg so st&oacute;r, at talan meira er um sersk&uacute;lar, sum eru skipa&eth;ir undir lei&eth;sluni hj&aacute; einum f&oacute;lkask&uacute;la.</p>    <p>Fyrsti serflokkarnir v&oacute;ru serliga &aelig;tla&eth;ir n&aelig;mingum, sum gingu &iacute; 4. til 10. flokki. N&uacute; eru eisini serflokkar fyri n&aelig;mingar &iacute; 1. til 3. flokk, sum d&oslash;mi er deildin hj&aacute; Eystursk&uacute;lanum &iacute; Hoyd&oslash;lum fyri n&aelig;mingar &iacute; 1. til 3. flokki.</p>    <p>Ta&eth; eru serflokkar um alt landi&eth;, ein &iacute; Nor&eth;oyggjum, tveir &iacute; Eysturoynni, fimm &iacute; Havn, ein &iacute; Nor&eth;urstreymoy, ein &iacute; V&aacute;goynni og tveir &iacute; Su&eth;uroynni. Afturat serflokkunum eru eisini onnur sm&aelig;rri serliga skipa&eth; undirv&iacute;singartilbo&eth; &iacute; &oslash;&eth;rum sk&uacute;lum.</p>    <p>T&aacute; tosi&eth; &aacute; var &iacute; 2007 um at skipa eitt serligt undirv&iacute;singartilbo&eth; til n&aelig;mingar vi&eth; atfer&eth;artrupulleikum, var&eth; eisini ein h&aacute;lv milli&oacute;n sett av &aacute; f&iacute;ggjarl&oacute;gini til endam&aacute;li&eth;. Seinastu &aacute;rini, t&aacute; teir n&oacute;gvu serflokkarnir eru skipa&eth;ir, er eingin serst&oslash;k j&aacute;ttan sett av til endam&aacute;li&eth;. &Iacute; sta&eth;in er hetta f&iacute;ggja&eth; av ver&eth;andi j&aacute;ttan til f&oacute;lkask&uacute;lan, hetta s&aelig;st aftur &iacute; st&oslash;rri flokkum &iacute; f&oacute;lkask&uacute;lanum og vi&eth; at l&aelig;rarar undirv&iacute;sa fleiri t&iacute;mar um vikuna og renna skj&oacute;tari.</p>    <p>Afturat serflokkunum er ein sersk&uacute;li, ta&eth; er Sk&uacute;lin &aacute; Tr&oslash;&eth;ni. &Iacute; Sk&uacute;lanum &aacute; Tr&oslash;&eth;ni ganga umlei&eth; 50 n&aelig;mingar.</p>    <p><a href='/Files/Images/Ritmynd Serflokkar 23_24.jpg'>Ritmyndin &iacute; h&aelig;gri upploysing</a> </p>    <p><a href='/Files/Images/Talva_Næmingatal í serflokkum_august 2023.png'>Talva vi&eth; d&aacute;tum</a></p>"
Næmingatalið í serflokkum trífaldað seinastu 7 árini;Tað eru áleið 233 næmingar innskrivaðir í serflokk hetta skúlaárið, og nú eru 12 serflokkar um alt landið.;;2023-08-21 19:20:00;/Files/Images/Serflokkar aug 2023.png;"<p>Seinastu sjey &aacute;rini er n&aelig;mingatali&eth; &iacute; serflokkum meiri enn tr&iacute;falda&eth;, fr&aacute; at ver&eth;a 68 n&aelig;mingar sk&uacute;la&aacute;ri&eth; 2016/17. Fyribils n&aelig;mingatali&eth; hetta sk&uacute;la&aacute;ri&eth; sigur, at sk&uacute;la&aacute;ri&eth; 2023/24 eru 233 n&aelig;mingar &iacute; serflokki.</p>    <p>Leingi bert tann eini serflokkurin, sum var skipa&eth;ur &iacute; Gulask&uacute;la undir lei&eth;slu av Sern&aacute;mi og Venjingarsk&uacute;lanum. &Iacute; 2019 kom kunnger&eth;in &ldquo;um at skipa serligan sk&uacute;la ella undirv&iacute;singartilbo&eth;&rdquo;, og n&uacute; eru 12 serflokkar. N&yacute;ggjasti serflokkurin er Lj&oacute;s&aacute;stova, sum er skipa&eth; &iacute; Sk&uacute;lanum &aacute; Argjahamri.</p>    <p>Ta&eth; eru serflokkar um alt landi&eth;, ein &iacute; Nor&eth;oyggjum, tveir &iacute; Eysturoynni, fimm &iacute; Havn, ein &iacute; Nor&eth;urstreymoy, ein &iacute; V&aacute;goynni og tveir &iacute; Su&eth;uroynni. Afturat serflokkunum eru eisini onnur sm&aelig;rri serliga skipa&eth; undirv&iacute;singartilbo&eth; &iacute; &oslash;&eth;rum sk&uacute;lum.</p>    <p>&Iacute; 2007 byrja&eth;i tos um at skipa eitt undirv&iacute;singartilbo&eth; til n&aelig;mingar vi&eth; atfer&eth;artrupulleikum, t&aacute; var&eth; eisini ein h&aacute;lv milli&oacute;n sett av &aacute; f&iacute;ggjarl&oacute;gini til at skipa eitt t&iacute;l&iacute;kt tilbo&eth;. Seinastu &aacute;rini, t&aacute; teir n&oacute;gvu serflokkarnir eru skipa&eth;ir, er eingin serst&oslash;k j&aacute;ttan sett av til endam&aacute;li&eth;, men hetta er f&iacute;ggja&eth; vi&eth; at ta&eth; eru &iacute; st&oacute;ran mun st&oslash;rri flokkar, at vi&eth; at l&aelig;rarar undirv&iacute;sa fleiri t&iacute;mar og renna skj&oacute;tari.</p>    <p>Aftrat serflokkunum er eisini ein sersk&uacute;li, ta&eth; er Sk&uacute;lin &aacute; Tr&oslash;&eth;ni. &Iacute; Sk&uacute;lanum &aacute; Tr&oslash;&eth;ni ganga umlei&eth; 50 n&aelig;mingar.</p>    <p><a href='/Files/Images/Serflokkar aug 2023.png'>Ritmyndin &iacute; h&aelig;gri upploysing</a></p>    <p><a href='/Files/Images/Talva_Næmingatal í serflokkum_august 2023.png'>Talva vi&eth; n&aelig;mingatali &iacute; serflokkunum</a></p>"
52 umsóknir til læraraútbúgvingina;"Samanborið við í fjør og árið fyri er talan um eina lækking; talið var 75 í 2021 og 64 í 2022.";;2023-07-04 17:17:00;/Files/Images/Skulabladid/Tindi/umsoknirlærarar23.png;"<p>389 ums&oacute;knir til lestur &aacute; Setrinum &iacute; 2023. 340 av teimum tilsamans 389 ums&oacute;knunum um lestrarpl&aacute;ss &iacute; 2023 eru til t&aelig;r 13 bachelor&uacute;tb&uacute;gvingarnar, sum v&oacute;r&eth;u bodnar &uacute;t &iacute; &aacute;r.</p>    <p>Ta&eth; eru bara 52 ums&oacute;knir til l&aelig;rara&uacute;tb&uacute;gvingina &iacute; &aacute;r. Saman vi&eth; &iacute; 2019 er hetta l&aelig;gsta tal av ums&oacute;knum, sum hevur veri&eth;, s&iacute;&eth;an l&aelig;rara&uacute;tb&uacute;gvingina var l&oslash;gd um til eina bachelor&uacute;tb&uacute;gving &aacute; N&aacute;msv&iacute;sindadeildini &iacute; 2008.</p>    <p>Vit varna&eth;ust l&aacute;ga tali&eth; &aacute; ums&oacute;knum &iacute; 2019, t&aacute; bara 52 ums&oacute;knir v&oacute;ru, men &iacute; 2020 v&oacute;ru fleiri ums&oslash;kjarar. Gongdin fr&aacute; 2020 til 2022 hevur t&oacute; veri&eth;, at tali&eth; av ums&oacute;knum er minni &aacute;r fyri &aacute;r, t&iacute; hava vit b&iacute;&eth;a&eth; spent eftir t&oslash;lunum &iacute; &aacute;r. Hendan gongdin, at tali&eth; av ums&oacute;knum er minni &aacute;r fyri &aacute;r, er ikki haldbar, t&iacute; mugu vi&eth;komandi partar hyggja at, hvat vit kunnu gera til komandi &aacute;r. Vit kunnu ikki bara lata standa til.</p>    <p>Vit hava ikki fleiri ung &iacute; F&oslash;royum, sum ynskja at &uacute;tb&uacute;gva seg, enn ta&eth; sama. N&uacute; tali&eth; &aacute; &uacute;tb&uacute;gvingum &aacute; Setrinum er vaksi&eth;, ta&eth; ver&eth;a tiknir tveir flokkar inn til sj&uacute;krar&oslash;kt og n&aacute;msfr&oslash;&eth;ing, og ta&eth; er h&aacute;konjunkturur &iacute; samfelagnum, so at arbei&eth;i og l&aelig;rupl&aacute;ss eru mong at velja &iacute;, so var spennandi at s&iacute;ggja, hvat f&oacute;r at henda vi&eth; talinum &aacute; ums&oacute;knum til l&aelig;rara&uacute;tb&uacute;gvingina. Ta&eth; er eisini vert at hava &iacute; huga, at vit hava havt st&oacute;ran pr&iacute;sv&oslash;kstur &iacute; samfelagnum, so at n&oslash;kur, sum hava dreymar um at &uacute;tb&uacute;gva seg, eru setst aftur, t&iacute; at r&aacute;&eth;ini eru ikki til at liva av studningi &iacute; l&oslash;tuni.</p>    <p>&Iacute; mi&eth;al hava ta&eth; veri&eth; knapt 75 ums&oacute;knir &iacute; l&aelig;rara&uacute;tb&uacute;gvingina &aacute;rini fr&aacute; 2008 til 2023, og ta&eth; &aacute;ri&eth;, ta&eth; v&oacute;ru flestar ums&oacute;knir, var &iacute; 2016, t&aacute; v&oacute;ru 91 ums&oacute;knir til l&aelig;rara&uacute;tb&uacute;gvingina.</p>    <p><em>&Iacute; mi&eth;al          74,6</em></p>    <p><strong>&Aacute;r                Ums&oacute;knir til l&aelig;rara&uacute;tb&uacute;gvingina</strong></p>    <p>2008               76</p>    <p>2009               71</p>    <p>2010               83</p>    <p>2011               81</p>    <p>2012               87</p>    <p>2013               83</p>    <p>2014               68</p>    <p>2015               86</p>    <p>2016               91</p>    <p>2017               68</p>    <p>2018               73</p>    <p>2019               52</p>    <p>2020               84</p>    <p>2021               75</p>    <p>2022               64</p>    <p>2023               52</p>    <p> </p>"
Framvegis 90 tíðaravmarkað størv í fólkaskúlanum komandi skúlaár;Nú skúlarnir hava lýst eftir lærarum til komandi skúlaár, 2023/24, er lýst eftir 90 tíðaravmarkaðum størvum í fólkaskúlanum.;;2023-06-07 17:27:00;/Files/Images/Skulabladid/Tindi/lærarastørv23.jpg;"<p>Samanlagt er s&oslash;kt eftir 137 l&aelig;rarum, so at bara tri&eth;i hv&oslash;r ums&oslash;kjari f&aelig;r bo&eth;i&eth; fast starv. Hetta er sama skili&eth; sum undanfarin &aacute;r, t&aacute; ta&eth; &aacute;vikavist var s&oslash;kt eftir 87 og 89 l&aelig;rarum til t&iacute;&eth;aravmarka&eth; st&oslash;rv.</p>    <p>Fylgjandi landsst&yacute;rismenn hava sagt seg sinna&eth;ar at gera batar, men framvegis ver&eth;a l&iacute;ka n&oacute;gvir l&aelig;rarar settir &iacute; t&iacute;&eth;aravmarka&eth; starv. Hetta er at harmast um, t&iacute; at landsst&yacute;risma&eth;urin kennir til st&oslash;&eth;una, og hvussu &oacute;tryggar umst&oslash;&eth;urnar eru hj&aacute; n&yacute;&uacute;tb&uacute;nu l&aelig;rarunum. Ein l&aelig;rari vendi s&aelig;r til felagi&eth; herfyri; vi&eth;komandi skuldi n&uacute; &aacute; s&aelig;tta &aacute;ri s&oslash;kja starv &aacute; sama sk&uacute;la.</p>    <p>Ta&eth; er s&oslash;kt eftir fleiri l&aelig;rarum til fast starv &iacute; &aacute;r enn &iacute; fj&oslash;r og &iacute; fyrra&aacute;ri&eth;, og ta&eth; er gott. &Iacute; &aacute;r er s&oslash;kt eftir 47 l&aelig;rarum til fast starv, me&eth;an undanfarin &aacute;r er s&oslash;kt eftir &aacute;vikavist 28 og 23 l&aelig;rarum. Tali&eth; av f&oslash;stum st&oslash;rvum, sum s&oslash;kt ver&eth;ur eftir, er &aacute; h&aelig;dd vi&eth; sk&uacute;la&aacute;ri&eth; 2020/21, men t&aacute; var tali&eth; &aacute; t&iacute;&eth;aravmarka&eth;um st&oslash;rvum 65, sum er n&aelig;stan tri&eth;ingin l&aelig;gri enn &iacute; &aacute;r.</p>    <p>Aftrat l&aelig;rarast&oslash;rvunum til sk&uacute;la&aacute;ri&eth; 2023/24 er eisini l&yacute;st eftir einum varask&uacute;lastj&oacute;ra og tveimum sk&uacute;lalei&eth;arum til t&iacute;&eth;aravmarka&eth; starv, og einum lei&eth;ara til serflokk og einum sk&uacute;lalei&eth;ara til fast starv.</p>    <p>Sk&uacute;la&aacute;r                               20/21        21/22          22/23         23/24</p>    <p>T&iacute;&eth;aravmarka&eth; st&oslash;rv            65              89               87              90</p>    <p>F&oslash;st st&oslash;rv                                 49             23                28              47</p>    <p>L&aelig;rarast&oslash;rv tilsamans      114            112              115             137</p>    <p> </p>    <p> </p>    <p> </p>    <p> </p>    <p> </p>"
75 vilja lesa til lærara á Námsvísindadeildini;Býtið er 70% kvinnur og 30% menn.;;2021-07-07 09:04:00;/Files/Images/Skulabladid/Tindi/75lærarar.jpg.png;"<p>Ta&eth; eru 75 ums&oacute;knir til l&aelig;raralestur &aacute; N&aacute;msv&iacute;sindadeildini &iacute; &aacute;r. Hyggja vit at, hvussu n&oacute;gvar ums&oacute;knir hava veri&eth; til l&aelig;rara&uacute;tb&uacute;gvingina, s&iacute;&eth;an l&aelig;rara&uacute;tb&uacute;gvingin var skipa&eth; sum bachelor&uacute;tb&uacute;gving &iacute; 2008, so kann hetta sigast at vera eitt mi&eth;altal, t&aacute; i&eth; talan er um ums&oacute;knir.</p>    <p>Fr&aacute; 2008 hava veri&eth; &iacute; mi&eth;al 77 ums&oacute;knir til l&aelig;rara. Ta&eth; &aacute;ri&eth;, flestu ums&oacute;knir komu til l&aelig;raralestur, var &iacute; 2016, t&aacute; 91 s&oslash;ktu inn til l&aelig;rara, og l&aelig;gsta tal av ums&oslash;kjarum var &iacute; 2019, t&aacute; ta&eth; bara v&oacute;ru 52 ums&oacute;knir.</p>    <p>Kynsb&yacute;ti&eth; av l&aelig;rarum &iacute; f&oacute;lkask&uacute;lanum er broytt seinastu 15 &aacute;rini, so at ta&eth; n&uacute; eru fleiri kvinnur enn menn. &Iacute; 2005 v&oacute;ru l&aelig;rararnir 53% kvinnur og 47% menn, og n&uacute; er b&yacute;ti&eth; 70% kvinnur og 30% menn. Hvussu kynsb&yacute;ti&eth; er hj&aacute; ums&oslash;kjarunum s&aelig;st ikki &aacute; kunningini, men av teimum, i&eth; eru tikin inn til l&aelig;raralestur hesi &aacute;rini, eru 70% kvinnur og 30 % menn.</p>"
Talið á fólkaskúlum minkað niður um helvtina – miðal næmingatalið trífaldað;Gongdin síðan fimmtiárini hevur verið, at talið á skúlum er farið niður um helvtina, meðan næmingatalið í miðal fyri hvønn skúla er trífaldað.;;2021-01-21 09:03:00;/Files/Images/Skulabladid/Tindi/skularnæmingar21jan21.jpg.svg;"<p>&Iacute; sk&uacute;la&aacute;rinum 2020/21 er samla&eth;a tali&eth; &aacute; n&aelig;mingum &iacute; f&oacute;lkask&uacute;lanum 6781, sum ganga &iacute; 41 f&oacute;lkask&uacute;lum kring landi&eth; umframt trimum fr&iacute;sk&uacute;lum, har ta&eth; ganga 195 n&aelig;mingar. N&aelig;mingatali&eth; &iacute; f&oacute;lkask&uacute;lunum er fr&aacute; einum n&aelig;mingi &iacute; minsta sk&uacute;lanum sk&uacute;lanum, til 751 n&aelig;mingar &iacute; st&oslash;rsta sk&uacute;lanum, i&eth; er Sk&uacute;lin &aacute; Fl&oslash;tum.</p>    <p>F&oacute;lkask&uacute;lalandslagi&eth; er broytt, so at ta&eth; eru f&aelig;rri f&oacute;lkask&uacute;lar, tali&eth; av sm&aelig;rru bygdask&uacute;lunum er minka&eth;, og ta&eth; eru tveir sk&uacute;lar, i&eth; eru naka&eth; st&oslash;rri enn a&eth;rir.</p>    <p>Ein ors&oslash;k til hesa broyting er minkingin &iacute; barnatalinum &iacute; &uacute;tja&eth;aranum, solei&eth;is at ta&eth; ikki eru b&oslash;rn &iacute; sk&uacute;laaldri eftir &iacute; bygdini, ella at kommunan ella foreldrini hava valt at skriva b&oslash;rnini inn &iacute; ein st&oslash;rri sk&uacute;la. Seinastu 10 &aacute;rini eru sk&uacute;lar vi&eth; umlei&eth; 50 n&aelig;mingum og f&aelig;rri f&aelig;kka&eth;ir. &Iacute; 2010 v&oacute;ru ta&eth; 29 f&oacute;lkask&uacute;lar vi&eth; um 50 n&aelig;mingum ella f&aelig;rri, me&eth;an hesir sk&uacute;lar &iacute; dag eru 18 &iacute; tali.</p>    <p>Ein annar partur &iacute; minkingini &iacute; talinum av f&oacute;lkask&uacute;lum eru samanlegging av sk&uacute;lum. &Iacute; sambandi vi&eth; samanleggingina til Eysturkommunu v&oacute;ru sk&uacute;larnir &iacute; G&oslash;tu og Leirv&iacute;k &iacute; 2013 lagdir saman &iacute; Sk&uacute;lan &iacute; Eysturkommunu, og &iacute; 2015 v&oacute;ru sk&uacute;larnir &iacute; Klaksv&iacute;k lagdir saman &iacute; sk&uacute;lan &Aacute; Sk&uacute;latr&oslash;&eth;, og Kommunusk&uacute;lin og Venjingarsk&uacute;lin &iacute; Havn samanlagdir &iacute; Sk&uacute;lan &aacute; Fl&oslash;tum.</p>"
Einki samband millum næminga- og læraratal;Myndin vísir lutfallið millum næmingatal og fulltíðarstørv í fólkaskúlanum. Tølini eru tikin úr fíggjarlógunum seinnu árini.;;2018-12-18 09:04:00;/Files/Images/Skulabladid/Tindi/næmingatallæraratal.jpg;"<p>&Aacute; myndini s&aelig;st, at n&aelig;mingatali&eth; minkar &oacute;gvusliga fram til 2010. &Iacute; 2002 gingu 7610 n&aelig;mingar &iacute; f&oacute;lkask&uacute;lanum, &iacute; 2010 var tali&eth; 6865. Sama t&iacute;&eth;arskei&eth;i&eth; vaks l&aelig;raratali&eth; &iacute; f&oacute;lkask&uacute;lanum &uacute;r 655 til 769 fullt&iacute;&eth;arst&oslash;rv. Her er sostatt einki beinlei&eth;is samband millum n&aelig;mingatal og l&aelig;raratal.</p>    <p>&Iacute; t&iacute;&eth;arskei&eth;num 2010 til 2018 stendur n&aelig;mingatali&eth; at kalla &iacute; sta&eth;, men serliga fr&aacute; 2010 til 2014 minkar l&aelig;raratali&eth; munandi. Fr&aacute; 769 l&aelig;rarum &iacute; 2010 til 690 &iacute; 2014. S&iacute;&eth;an er l&aelig;raratali&eth; kvinka&eth; spakuliga uppeftir til 721 &iacute; 2018, men framvegis eru um h&aacute;lvthundra&eth; l&aelig;rarar f&aelig;rri &iacute; f&oacute;lkask&uacute;lanum &iacute; dag enn tey v&oacute;ru &iacute; 2010. Um somu t&iacute;&eth; eru fleiri uppg&aacute;vur komnar inn &iacute; f&oacute;lkask&uacute;lan sum ser&uacute;tb&uacute;nir l&aelig;rarar r&oslash;kja, t.d. lesiveglei&eth;arar, AKT-l&aelig;rarar, or&eth;blindal&aelig;rarar og st&oslash;ddfr&oslash;&eth;iveglei&eth;arar, umframt at verandi serl&aelig;rarar eru settir sum lei&eth;arar &iacute; f&oslash;rleikastovunum. Leysliga mett svara hesi ser&oslash;kini til eini 25 st&oslash;rv &iacute; f&oacute;lkask&uacute;lanum.</p>    <p>Samanumtiki&eth; kann sigast, at ta&eth; er einki samband millum n&aelig;minga- og l&aelig;raratal, og h&oacute;ast f&oacute;lkask&uacute;lin er blivin alt meira fj&oslash;lt&aacute;tta&eth;ur, s&aelig;st hetta heldur ikki aftur &iacute; t&oslash;lunum.</p>    <p>Nakni sannleikin er, at ta&eth; er f&iacute;ggjarl&oacute;gin og ikki sk&uacute;lapolitikkur, sum myndar f&oacute;lkask&uacute;lan. Ta&eth; er vert at hava &iacute; huga, n&uacute; &aelig;tlanir eru um at l&aelig;kka b&aelig;&eth;i undirv&iacute;singart&iacute;matal og sk&uacute;ladagatal. Er hetta n&aacute;msfr&oslash;&eth;iliga grunda&eth;, ella er hetta enn ein roynd at f&aacute;a f&oacute;lkask&uacute;lan at passa &iacute; einar alt ov l&iacute;tlar sk&oacute;gvar?</p>"
Flestu lærarar fingið starv;"23 av 28, sum fingu læraraprógv í juni, hava søkt lærarastarv; hjá 17 teirra hevur tað eydnast at fáa starv";;2018-10-01 02:06:00;/Files/Images/Skulabladid/Tindi/lærarar 2018 (2).jpg;"<p>Sekstan teirra hava fingi&eth; t&iacute;&eth;aravmarka&eth; starv, ein hevur fingi&eth; fast starv &iacute; mi&eth;n&aacute;mssk&uacute;la, og 4 hava fingi&eth; vikart&iacute;mar; hj&aacute; onkrum teirra, i&eth; hevur fingi&eth; vikart&iacute;mar, er ta&eth; so miki&eth; n&oacute;gvir t&iacute;mar, at ta&eth; svarar til meiri enn h&aacute;lvt starv, og onkur teirra, sum virkar sum vikarur, er eisini settur &iacute; t&iacute;&eth;aravmarka&eth; starv &iacute; styttri t&iacute;&eth;arskei&eth; &iacute; sama sk&uacute;la. Bara &iacute; tveimum f&oslash;rum hava l&aelig;rarar, sum hava s&oslash;kt starv, hv&oslash;rki fingi&eth; starv ella vikart&iacute;mar.</p>    <p>N&oacute;gvir av l&aelig;rarunum hava fingi&eth; starv &iacute; n&aelig;rumhv&oslash;rvinum, men fleiri teirra hava s&oslash;kt n&oacute;gv st&oslash;rv, onkur 13 st&oslash;rv og onkur &oslash;ll st&oslash;rvini, sum v&oacute;ru leys; tey flestu hava eisini s&oslash;kt v&iacute;&eth;a, langt burtur fr&aacute; b&uacute;sta&eth;num, og &iacute; onkrum f&oslash;ri hava tey fingi&eth; starv 50 km heiman&iacute;fr&aacute;, men eru s&iacute;&eth;an flutt til sta&eth;i&eth;, har tey hava fingi&eth; starv. Summi hava t&oacute; veri&eth; sera heppin, s&oslash;kt eitt starv og fingi&eth; ta&eth;, og onkur einstakur fekk tvey st&oslash;rv &iacute; bo&eth;i.</p>    <p>Fimm l&aelig;rarar, sum fingu pr&oacute;gv &iacute; juni, hava av ymsum ors&oslash;kum ikki s&oslash;kt starv; fleiri &aelig;tla at s&oslash;kja komandi sk&uacute;la&aacute;r.</p>"
Lærarar í niðursettari tíð;Myndin vísir lærarar í fólkaskúlanum, sum arbeiða niðursetta tíð. Tølini eru frá mars 2017.;;2017-11-20 15:07:00;/Files/Images/Skulabladid/Tindi/niðursett tíð_mars_2017.jpg;"<p>Talan er tey, sum f&aacute;a fasta l&oslash;n &iacute; f&oacute;lkask&uacute;lanum. St&oslash;rsti parturin eru l&aelig;rarar &iacute; f&oslash;stum- og t&iacute;&eth;aravmarka&eth;um starvi, ein l&iacute;til partur eru l&aelig;rarar og onnur, sum lesa einstakar t&iacute;mar. Samla&eth;a tali&eth; av teimum, sum arbei&eth;a &iacute; ni&eth;ursettari t&iacute;&eth;, er 162 ella sl&oslash;k 24% av teimum, sum f&aacute;a fasta l&oslash;n. Hetta tali&eth; skal t&oacute; takast &iacute; fyrivarni, t&iacute; &oslash;ll l&oslash;narbrot eru tald vi&eth;, eisini te,y i&eth; undirv&iacute;sa f&aacute;ar t&iacute;mar.</p>    <p>Stabbarnir eru b&yacute;ttir upp &iacute; tey, sum arbei&eth;a minni enn h&aacute;lva t&iacute;&eth;, og tey, sum arbei&eth;a meira enn h&aacute;lva t&iacute;&eth;. Millum tey 54, sum arbei&eth;a minni enn h&aacute;lva t&iacute;&eth;, eru eftirl&oslash;ntir l&aelig;rarar og l&aelig;rarar vi&eth; h&aelig;gri &uacute;tb&uacute;gving, men eisini 20 l&aelig;rarar &iacute; t&iacute;&eth;aravmarka&eth;um starvi. Talan er helst um l&aelig;rarar, i&eth; taka &ldquo;avlopst&iacute;mar&rdquo;. Kynsb&yacute;ti&eth; &iacute; hesum b&oacute;lkinum er javnt 30 menn og 24 kvinnur.</p>    <p>&Iacute; b&oacute;lkinum, tey sum arbei&eth;a meira enn h&aacute;lva t&iacute;&eth;, er st&oacute;rur kynsmunur, 18 menn og 93 kvinnur. Hesin b&oacute;lkurin er g&oacute;&eth; 16% av teimum, sum f&aacute;a fasta l&oslash;n. &Iacute; b&oacute;lkinum eru lutfalsliga n&oacute;gv, sum eru &iacute; t&iacute;&eth;aravmarka&eth;um starvi. Hesi kunnu ikki &iacute; sama mun sum tey &iacute; f&oslash;stum starvi sj&aacute;lvi avgera, um tey arbei&eth;a fulla t&iacute;&eth; ella minni.</p>    <p>Sum sagt eru &oslash;ll l&oslash;narbrot tald vi&eth;. Veruliga tali&eth; av l&aelig;rarum, sum arbei&eth;a ni&eth;ursetta t&iacute;&eth;, liggur onkusta&eth;ni &iacute;millum 16 og 24%. L&aelig;rarafelagi&eth; hevur ikki neyv t&oslash;l at samanbera, um talan er um minking ella v&oslash;kstur &iacute; talinum av l&aelig;rarum, sum arbei&eth;a ni&eth;ursetta t&iacute;&eth;. Heldur ikki hevur felagi&eth; nakra kanning, sum v&iacute;sir, hv&iacute; l&aelig;rarar velja at arbei&eth;a ni&eth;ursetta t&iacute;&eth;. Felagi&eth; fer at fylgja gongdini.</p>    <p> </p>"
Um 50 børn við øðrum máli enn føroyskum flyta til Føroya um árið;Hyggja vit at hagtølum í hagtalsgrunninum, síggja vit, at tað seinastu 10 árini eru flutt millum 40 og 50 børn og ung í aldrinum 0-19 ár til Føroya um árið. Talan er um fólk, sum eru fødd í londum, har føroyskt ikki er kent.;;2017-10-03 14:46:00;/Files/Images/Skulabladid/Tindi/talva6.jpg;"<p>&Iacute; hagtalsgrunninum s&iacute;ggja vit eisini, hvussu n&oacute;gvar kvinnur &iacute; bur&eth;ardyggum aldri, sum ikki hava f&oslash;royskt sum fyrsta m&aacute;l, eru fluttar til F&oslash;roya. &Iacute; alt eru 655 kvinnur &iacute; aldrinum 20 til 38 &aacute;r fluttar til F&oslash;roya seinastu 10 &aacute;rini &uacute;r Evropa annars, Amerika, Afrika og Asia. Ta&eth; ber ikki til at siga naka&eth; um teirra m&aacute;lf&oslash;rleika, ella um t&aelig;r hava b&oslash;rn vi&eth; s&aelig;r ella f&aacute;a b&oslash;rn. T&oacute; er gongdin, at fleiri og fleiri kvinnur &iacute; bur&eth;ardyggum aldri flyta til F&oslash;roya &uacute;r londum, har f&oslash;royskt ikki er eitt kent m&aacute;l. Vit kunnu t&iacute; rokna vi&eth;, at hetta t&iacute;&eth;arskei&eth;i&eth; eru fleiri og fleiri heim, har f&oslash;royskt ikki er einasta m&aacute;l og kanska heldur ikki alt&iacute;&eth; fyrsta m&aacute;l hj&aacute; foreldrunum.</p>    <p> </p>"
Tvør- og innanfakligt samstarv;;;2017-04-26 15:22:00;/Files/Images/Skulabladid/Tindi/Tvør- og innanfakligt samstarv.png;"<p>Talvan v&iacute;sir, at undirv&iacute;sing tv&oslash;rtur um l&aelig;rugreinir og samstarv innan somu l&aelig;rugrein er sera avmarka&eth;.</p>    <p>- Kanningar, sum vit hava gj&oslash;rt, v&iacute;sa, at b&aelig;&eth;i tv&oslash;rgreinaligt samstarv og samstarv innan l&aelig;rugreinir er l&iacute;ti&eth; av &iacute; okkara sk&uacute;la, umframt at vit hava ilt vi&eth; at flyta okkum fr&aacute; si&eth;bundnari undirv&iacute;sing til &oslash;&eth;rv&iacute;si undirv&iacute;sing, sum ikki er, at l&aelig;rarin stendur framman fyri eini talvu. Tv&oslash;rgreinaligt samstarv hevur t&yacute;dning, t&iacute; samfelagi&eth; er fj&oslash;lsamansett, og vitan er fj&oslash;lsamansett. Men sk&uacute;lin er ikki fj&oslash;lsamansettur; &iacute; sta&eth;in er hann b&yacute;ttur sundur &iacute; l&aelig;rugreinir, har t&uacute; hevur eitt evni &iacute; senn, sigur Erla Olsen, n&aacute;mslektari &aacute; N&aacute;msv&iacute;sindadeildini.</p>    <p>Les meiri um evni&eth; her: http://www.skulabladid.fo/fakuppb%C3%BDtti-sk%C3%BAladagurin-ein-for%C3%B0ing</p>    <p> </p>"
Teldilin ikki integreraður partur í skúlanum;Í kanning, sum í Ólavsstovu, adjunktur á Námsvísindadeildini, og Erla Olsen, adjunktur á Námsvísindadeildini, hava gjørt av teldlanýtsluni í trimum fólkaskúlum í Føroyum, kemur fram, at teldan er viðfáningur í undirvísingini.;;2016-12-16 13:04:00;/Files/Images/Skulabladid/Tindi/Talva 2.12b.jpg;"<p>Samanlagt tóku 1059 lut í kanningini umboðandi tríggjar skúlar; 195 næmingar í innskúlingini, 357 í miðdeild, 442 í hádeild og 65 lærarar.</p>    <p>Skúlarnir verða ikki nevndir við navni; í staðin eitur teir S1, S2 og S3. Tølini í kanningini vísa greitt, at næmingarnir halda ikki, at teldlarnir verða brúktir hvønn dag í skúlanum. Tað hevur ta avleiðing, at teir hava ikki teldlarnar við í skúla. Her er tó stórur munur á skúlunum, har tann skúlin, sum ikki hevur teldlar, er tann skúlin, har næmingarnir ikki hava teldlarnar við í skúla í serligan mun.</p>    <p>Kanningin varð løgd fram á Námsvísindadeildini 16. desember 2016.</p>"
Átøkini hava munað;;;2016-12-06 21:38:00;/Files/Images/Skulabladid/Tindi/pisa2015.jpg;<p>Ikki fyrr enn nú í PISA-kanningini frá 2015 ber til at siga, um tiltøkini, sum komu í kjalarvørrinum á kanningini í 2006, hava munað, tí nústani hava tey, sum m.a. fingu eyka lesi- og støddfrøðitímar, tikið lut í PISA, og sigast kann, at bæði í lesing og støddfrøði tykjast átøkini, sum eru gjørd at betra um lesi- og støddfrøðiførleikan, at hava gjørt mun. Átøkini í lesing og støddfrøði tykjast tó ikki at hava munað náttúruvísindaliga førleikanum. So statt eru tað nú í 2015 serliga náttúruvísindi, sum hála føroyska miðaltalið niðureftir. Miðal fyri PISA 2015 í náttúruvísindum eru 493 stig, so Føroyar liggja 46 PISA stig niðanfyri miðal. Hetta svarar til meiri enn eitt skúlaársverk.</p>
Skúlastøddir;"41 skúlar eru í Føroyum; tað eru serliga samanløgdu skúlarnir, Skúlin á Fløtum og á Skúlatrøð, sum stinga seg burturúr.";;2016-06-13 11:43:00;/Files/Images/Skulabladid/Tindi/stabbamynd_juni16.jpg;<p>Myndin vísir fyribils næmingahagtøl fyri fólkaskúlan skúlaárið 2016/17. Á myndini eru 39 skúlar. Veruliga talið er tó 41 skúlar, tí í hesi uppgerðini frá Mentamálaráðnum eru skúlarnir í Hvalvík og Hósvík taldir saman við skúlanum við Streymin. Tað eru serliga samanløgdu skúlarnir, Skúlin á Fløtum og á Skúlatrøð, sum stinga seg burturúr. Næmingatalið liggur omanfyri 740 í hvørjum skúlanum sær. Í hesi uppgerðini eru 13 skúlar við fleiri enn 200 næmingum, 6 skúlar við millum 100 og 200 næmingum, meðan 20 skúlar hava færri enn 100 næmingar. Av teimum 20 skúlunum við færri enn 100 næmingum eru 6 skúlar við færri enn 10 næmingar.</p>
Lækkandi barnatalið fer at síggjast aftur;;;2016-04-20 18:02:00;/Files/Images/Skulabladid/Tindi/aldursbólkar_small.jpg;<p>Á myndini síggja vit barnatalið í aldursbólkunum 0 til 17 ár. Tølini eru frá 2015. Á myndini sæst, at meðan flestu árgangir, í skúlaaldri, liggja oman fyri 700 børn, so liggja allir árgangirnir, undir skúlaaldur, niðan fyri 700 børn. Alt eftir, hvar í landinum vit eru, fer hetta at síggjast aftur í skúlabygnaðinum. Í størru skúlunum við færri sporum í hvørjum árgangi, í miðalstóru skúlunum við færri flokkum. Sambært fólkaskúlalógini er markið fyri 7-flokkaðum og ársbýttum skúla 115 næmingar og fleiri.</p>
64% av lærarunum eru kvinnur og 36% eru menn;Myndin vísir lærarar í fólkaskúlanum í 2015, býttir sundur eftir aldri og kyni.;;2016-02-24 12:18:00;/Files/Images/Skulabladid/Tindi/lærarar_aldurs-og kynsbýti_2015 (2).jpg;"<p>Kynsbýtið í fólkaskúlanum er nú so, at 64% av lærarunum eru kvinnur og 36% eru menn. Tølini aftan fyri myndina eru ársverk. Brúktu vit tølini fyri størv, sum eru eitt sindur fleiri enn ársverk, so broytist munurin enn meira; 66% kvinnur og 34% menn. Gongdin hevur verið støðug seinnu árini; í 2005 var býtið millum kvinnur og menn 53% og 47%, og í 2010 var býtið 61% og 39%.</p>    <p>Og gongdin fer at halda fram. Í øllum aldursbólkum, uttan 60 til 69 ár, er talið av kvinnum tvífalt so høgt sum talið av monnum. Í aldursbólkinum 60 til 69 ár eru 6 menn fleiri.</p>    <p>Upptøkurnar á Námsvísindadeildina (Læraraskúlan) seinnu árini benda tó á, at áhugin hjá monnum at gerast lærari er vaksandi. Men enn munar tað lítið, um tað er eitt javnari kynsbýti, vit ynskja millum lærarar í fólkaskúlanum.</p>"
Talið á skúlum minkað í helvt - næmingatalið trífaldað;Gongdin seinastu seksti árini hevur verið, at talið á skúlum er farið niður um helvtina, meðan næmingatalið í miðal fyri hvønn skúla er trífaldað.;;2016-01-05 14:11:00;/Files/Images/Skulabladid/Tindi/Skúlar og næmingatal.jpg;<p>Í 2013 vóru skúlarnir í Gøtu og Leirvík lagdir saman, og í 2015 vóru skúlarnir í Klaksvík og Kommunuskúlin og Venjingarskúlin í Havn samanlagdir. Í stabbamyndini er samanleggingin av skúlunum í Sunda kommunu, frá 1. januar 2016, ikki tikin við.</p>    <p>Tað eru tó ikki samanleggingar, sum eru høvuðsorsøkin til stóru minkingina í skúlatalinum. Orsøkin er heldur minkingin í barnatalinum í útjaðaranum, soleiðis at eingi børn hava verið eftir í bygdini, ella at foreldur hava valt at skriva børn síni inn í ein størri skúla. Smáu skúlarnir við færri enn 50 næmingum eru fækkaðir mest.</p>    <p>Í skúlaárinum 2015/16 er samlaða talið á næmingum í fólkaskúlanum 6907, sum ganga í 43 fólkaskúlum kring landið umframt tveimun frískúlum. Næmingatalið er frá einum næmingi í minsta skúlanum til 791 næmingar í størsta skúlanum.</p>
Játtan til fólkaskúlan og næmingatal í fólkaskúlanum;;;2015-12-03 18:48:00;/Files/Images/Skulabladid/Tindi/játtan og næmingatal 06_15.jpg;<p>Myndin vísir barnatalið í fólkaskúlanum og gongdina í játtanini á fíggjarlógini til lønir í fólkaskúlanum. Talan er um vísitøl, og 2006 er sett til 100. Frá 2006 til 2010 er stórur vøkstur í játtanini til fólkaskúlan, men so steðgar vøksturin. Útrokningar úr Mentamálaráðnum siga, at við øktum eftirlønarútreiðslum og við einum prosenti í lønarhækkan, so hækka útreiðslurnar til fólkaskúlan við 5 mió. kr. um árið. Sæð burtur frá 2014 og 2+1515, so hevur játtanin til fólkaskúlan hvørki lagt upp fyri øktum pensjónsútreiðslum ella lønarhækkan. Vent á høvdið merkir tað, at játtanin er lækkað við minst 5 mió. kr. um árið.</p>    <p>Alment er ført fram, at tað er minking í barnatalinum, sum rættvísger, at játtanin til fólkaskúlan minkar. Men tað er ikki so, tí seinastu 8 árini hevur barnatalið í fólkaskúlanum verið tað sama.</p>    <p>Hetta er ein døpur mynd. Samstundis sum karmarnir gerast trengri og trengri, er virksemið í fólkaskúlanum økt, og alt fleiri uppgávur verða lagdar á fólkaskúlan.</p>